team,full_name,subreddit,short_name,thread_name,2024_revenue_m,2024_avg_attendance,view_coef,views,revenue,attendance,pop
ari,Arizona Diamondbacks,azdiamondbacks,d-backs,,328,29969,-0.1097601924446876,-0.24890517606402257,-0.6390501226405061,0.07917617262704266,-0.808779126077486
ath,Oakland Athletics,athletics,athletics,null,257,20936,-0.4828598800648837,-1.0949900941761708,-1.2121771799980967,-1.7226336208061312,-4.029800894980399
atl,Atlanta Braves,braves,braves,,510,34401,0.2085490887083693,0.4729305450981911,0.830092475093036,0.963225879755995,2.266248899947222
bal,Baltimore Orioles,orioles,orioles,,366,29005,0.0925511178843909,0.2098798460429595,-0.33230606377306326,-0.11311261746147497,-0.23553883519157873
bos,Boston Red Sox,redsox,red sox,,574,31143,0.1170320155616184,0.2653956210323881,1.3467140479224136,0.3133535995605693,1.925463268515371
chc,Chicago Cubs,chicubs,cubs,gdt,584,33784,0.176776547114789,0.4008793771546132,1.4274361686770036,0.8401530753113733,2.66846862114299
chw,Chicago White Sox,whitesox,white sox,,277,23277,-0.4722526857594921,-1.0709359675631975,-1.0507329384889164,-1.2556750548339117,-3.3773439608860256
cin,Cincinnati Reds,reds,reds,,325,27426,0.0106134321972653,0.024068272393338683,-0.6632667588668831,-0.42807527259609046,-1.0672737590696348
cle,Cleveland Guardians,clevelandguardians,guardians,,336,26677,-0.196031470743025,-0.4445441161555071,-0.5744724260368339,-0.5774780773432894,-1.5964946195356302
col,Colorado Rockies,coloradorockies,rockies,game chat,318,30127,-0.5120608762110606,-1.161209721940324,-0.7197722433950964,0.11069238511043039,-1.7702895802249898
det,Detroit Tigers,motorcitykitties,tigers,,320,25683,-0.2325698102287084,-0.5274027702832703,-0.7036278192441783,-0.7757509584096653,-2.006781547937114
hou,Houston Astros,astros,astros,,494,31642,0.240293283801268,0.5449174311688441,0.7009370818856916,0.4128889794922812,1.658743492546817
kcr,Kansas City Royals,kcroyals,royals,,324,23135,-0.2329316697072851,-0.5282233655757845,-0.6713389709423422,-1.2839997521291082,-2.483562088647235
laa,Los Angeles Angels,angelsbaseball,angels,,410,28615,-0.1837828458271902,-0.41676768762241734,0.022871267547133745,-0.1909058001736346,-0.5848022202489181
lad,Los Angeles Dodgers,dodgers,dodgers,game chat,752,42493,1.335079841079173,3.0275847326962677,2.7835677973541193,2.577334686183676,8.388487216234063
mia,Miami Marlins,miamimarlins,marlins,,317,21226,-0.4469650701164223,-1.0135907836337001,-0.7278444554705553,-1.6647874080201666,-3.406222647124422
mil,Milwaukee Brewers,brewers,brewers,game chat,335,29897,-0.1984373850902424,-0.4500000516896115,-0.582544638112293,0.06481435428018241,-0.9677303355217219
min,Minnesota Twins,minnesotatwins,twins,,324,25204,-0.3672952907462677,-0.8329221822087942,-0.6713389709423422,-0.8712969443561384,-2.3755580975072745
nym,New York Mets,newyorkmets,mets,,444,30132,0.1886729120049819,0.42785697924844635,0.2973264781127405,0.11168973360674013,0.836873190967927
nyy,New York Yankees,nyyankees,yankees,,728,37174,1.2191400371839765,2.7646659398387845,2.589834707543103,1.516355355809376,6.870856003191264
phi,Philadelphia Phillies,phillies,phillies,,519,36719,0.232146543986231,0.52644292176024,0.9027423837721672,1.42559664264519,2.8547819481775973
pit,Pittsburgh Pirates,buccos,pirates,,326,26117,-0.1329918626068052,-0.30158805519506293,-0.6551945467914242,-0.6891811089299801,-1.645963710916467
sdp,San Diego Padres,padres,padres,,432,36180,0.5143488558286692,1.166398214752406,0.20045993320723224,1.318082474743,2.684940622702638
sea,Seattle Mariners,mariners,mariners,game chat,379,29406,0.1321357110796469,0.2996465448728031,-0.22736730679209596,-0.03312526805743393,0.03915397002327323
sfg,San Francisco Giants,sfgiants,giants,gameday thread,448,32216,-0.1350518502805353,-0.3062595265472829,0.3296153264145766,0.5273845868686392,0.5507403867359328
stl,St. Louis Cardinals,cardinals,cardinals,game ,373,32690,-0.2730098135912203,-0.6191092982400997,-0.2758005792448501,0.6219332243188025,-0.2729766531661473
tbr,Tampa Bay Rays,tampabayrays,rays,game chat,297,23203,-0.1695512316930173,-0.384494398528772,-0.8892886969797358,-1.2704358125792958,-2.5442189080878035
tex,Texas Rangers,texasrangers,rangers,game chat,406,31639,-0.1377771200249007,-0.31243967009873547,-0.009417580754702346,0.4122905703944954,0.0904333195410576
tor,Toronto Blue Jays,torontobluejays,blue jays,,387,30893,0.346153549586014,0.7849786729219953,-0.16278961018842378,0.26348617474508235,0.8856752374786538
wsh,Washington Nationals,nationals,nationals,,325,26153,-0.5301638808806638,-1.2022622334585245,-0.6632667588668831,-0.6820001997565499,-2.5475291920819574
